Date,HomeTeam,AwayTeam,FTHG,FTAG,FTR,B365H,B365D,B365A
06/01/2018,Atlas,Club Leon,1,2,A,2.96,3.43,2.52
06/01/2018,Cruz Azul,Club Tijuana,0,0,D,1.72,3.75,5.65
07/01/2018,Monterrey,Monarcas,1,1,D,1.38,5.5,8.36
07/01/2018,Pachuca,U.N.A.M.- Pumas,2,3,A,1.88,3.76,4.44
07/01/2018,Necaxa,Veracruz,0,0,D,2.09,3.32,4.09
07/01/2018,Toluca,Guadalajara Chivas,1,1,D,2.13,3.51,3.68
08/01/2018,Queretaro,Club America,0,1,A,2.69,3.23,2.91
08/01/2018,Santos Laguna,Lobos BUAP,4,2,H,1.64,4.41,5.36
13/01/2018,Club Tijuana,Necaxa,1,0,H,2,3.4,4.34
13/01/2018,Monarcas,Puebla,1,0,H,2.51,3.42,3
13/01/2018,Club America,Pachuca,2,2,D,2.41,3.43,3.14
13/01/2018,Lobos BUAP,Queretaro,0,2,A,2.07,3.8,3.59
14/01/2018,U.A.N.L.- Tigres,Santos Laguna,2,1,H,1.76,4.02,4.85
14/01/2018,Club Leon,Toluca,3,1,H,2.3,3.65,3.17
14/01/2018,Guadalajara Chivas,Cruz Azul,1,3,A,2.62,3.22,3.01
14/01/2018,U.N.A.M.- Pumas,Atlas,3,1,H,2.23,3.47,3.47
15/01/2018,Veracruz,Monterrey,0,2,A,5.55,3.68,1.75
20/01/2018,Puebla,Veracruz,2,0,H,1.75,3.64,5.62
20/01/2018,Atlas,Toluca,1,3,A,2.86,3.47,2.59
20/01/2018,Cruz Azul,Club Leon,0,0,D,2.04,3.75,3.72
20/01/2018,Queretaro,U.A.N.L.- Tigres,0,0,D,4.09,3.41,2.06
21/01/2018,Monterrey,Club Tijuana,0,0,D,1.61,4.13,6.21
21/01/2018,Pachuca,Lobos BUAP,3,1,H,1.81,3.93,4.59
21/01/2018,Necaxa,Guadalajara Chivas,1,3,A,2.99,3.07,2.74
21/01/2018,U.N.A.M.- Pumas,Club America,0,0,D,3.02,3.41,2.5
22/01/2018,Santos Laguna,Monarcas,1,0,H,1.99,3.98,3.69
27/01/2018,Monarcas,Queretaro,1,0,H,2.23,3.42,3.53
27/01/2018,Club Tijuana,Puebla,2,0,H,2.14,3.32,3.91
27/01/2018,Lobos BUAP,U.N.A.M.- Pumas,1,1,D,2.57,3.73,2.72
28/01/2018,U.A.N.L.- Tigres,Pachuca,3,2,H,1.83,3.73,4.74
28/01/2018,Club Leon,Necaxa,0,4,A,1.91,3.79,4.21
28/01/2018,Club America,Atlas,1,0,H,1.73,3.77,5.51
28/01/2018,Guadalajara Chivas,Monterrey,1,2,A,3.26,3.39,2.37
28/01/2018,Toluca,Cruz Azul,1,1,D,2.87,3.41,2.61
29/01/2018,Veracruz,Santos Laguna,1,1,D,3.14,3.55,2.36
03/02/2018,Puebla,Guadalajara Chivas,2,0,H,2.55,3.41,2.95
03/02/2018,Atlas,Cruz Azul,2,1,H,3.81,3.34,2.16
03/02/2018,Queretaro,Veracruz,0,1,A,2.09,3.18,4.32
04/02/2018,Monterrey,Club Leon,5,1,H,1.61,4.41,5.7
04/02/2018,Santos Laguna,Club Tijuana,0,0,D,2.14,3.58,3.61
04/02/2018,Pachuca,Monarcas,2,3,A,1.83,3.74,4.7
04/02/2018,Club America,Lobos BUAP,5,1,H,1.79,3.84,4.82
04/02/2018,Necaxa,Toluca,0,0,D,2.68,3.34,2.84
04/02/2018,U.N.A.M.- Pumas,U.A.N.L.- Tigres,2,0,H,3.24,3.4,2.37
10/02/2018,Monarcas,U.N.A.M.- Pumas,1,2,A,2.42,3.47,3.09
10/02/2018,Club Tijuana,Queretaro,0,2,A,1.98,3.39,4.42
10/02/2018,Cruz Azul,Necaxa,0,2,A,2.16,3.3,3.88
10/02/2018,Lobos BUAP,Atlas,3,1,H,2.2,3.68,3.34
11/02/2018,U.A.N.L.- Tigres,Club America,1,1,D,2.13,3.39,3.84
11/02/2018,Club Leon,Puebla,2,1,H,2.14,3.68,3.51
11/02/2018,Guadalajara Chivas,Santos Laguna,0,2,A,2.52,3.43,2.97
11/02/2018,Toluca,Monterrey,2,1,H,2.87,3.46,2.59
12/02/2018,Veracruz,Pachuca,0,1,A,3.07,3.49,2.43
14/02/2018,Atlas,Necaxa,1,1,D,3.21,3.29,2.44
14/02/2018,Lobos BUAP,U.A.N.L.- Tigres,0,0,D,3.67,3.69,2.07
14/02/2018,Club America,Monarcas,4,1,H,1.8,3.83,4.8
15/02/2018,Queretaro,Guadalajara Chivas,2,2,D,2.94,3.2,2.69
15/02/2018,Santos Laguna,Club Leon,5,1,H,1.85,4.04,4.2
15/02/2018,Monterrey,Cruz Azul,2,2,D,2.14,3.44,3.74
15/02/2018,Puebla,Toluca,2,0,H,2.75,3.39,2.73
15/02/2018,U.N.A.M.- Pumas,Veracruz,1,2,A,1.9,3.65,4.43
15/02/2018,Pachuca,Club Tijuana,2,0,H,1.67,4.04,5.57
17/02/2018,Monarcas,Lobos BUAP,2,1,H,2.18,3.71,3.36
17/02/2018,Cruz Azul,Puebla,1,1,D,1.92,3.47,4.63
18/02/2018,U.A.N.L.- Tigres,Atlas,2,0,H,1.49,4.55,7.37
18/02/2018,Club Leon,Queretaro,1,1,D,2.08,3.71,3.63
18/02/2018,Club Tijuana,U.N.A.M.- Pumas,4,1,H,2.04,3.55,3.94
18/02/2018,Necaxa,Monterrey,3,0,H,3.18,3.35,2.43
18/02/2018,Guadalajara Chivas,Pachuca,1,1,D,2.18,3.41,3.65
18/02/2018,Toluca,Santos Laguna,2,0,H,2.14,3.56,3.61
19/02/2018,Veracruz,Club America,1,1,D,3.25,3.37,2.41
24/02/2018,Atlas,Monterrey,0,1,A,4.19,3.59,1.97
24/02/2018,Puebla,Necaxa,1,1,D,2.5,3.11,3.29
24/02/2018,Lobos BUAP,Veracruz,5,0,H,1.93,3.68,4.29
24/02/2018,Queretaro,Toluca,0,2,A,3.23,3.37,2.39
25/02/2018,U.A.N.L.- Tigres,Monarcas,2,1,H,1.72,3.91,5.26
25/02/2018,Pachuca,Club Leon,2,1,H,1.91,4.07,3.92
25/02/2018,Club America,Club Tijuana,0,0,D,1.63,3.92,6.43
25/02/2018,U.N.A.M.- Pumas,Guadalajara Chivas,1,1,D,2.52,3.55,2.85
26/02/2018,Santos Laguna,Cruz Azul,2,0,H,2.24,3.5,3.42
03/03/2018,Club Tijuana,Lobos BUAP,3,1,H,2.16,3.33,3.83
03/03/2018,Monarcas,Atlas,2,1,H,2.16,3.35,3.81
03/03/2018,Cruz Azul,Queretaro,0,1,A,1.76,3.64,5.54
04/03/2018,Monterrey,Puebla,1,3,A,1.62,4.12,6.1
04/03/2018,Club Leon,U.N.A.M.- Pumas,3,0,H,2,3.92,3.7
04/03/2018,Necaxa,Santos Laguna,1,2,A,2.48,3.3,3.13
04/03/2018,Guadalajara Chivas,Club America,1,1,D,3.08,3.22,2.56
04/03/2018,Toluca,Pachuca,2,1,H,2.14,3.57,3.61
05/03/2018,Veracruz,U.A.N.L.- Tigres,0,2,A,3.9,3.53,2.06
10/03/2018,Monarcas,Veracruz,2,0,H,1.86,3.72,4.57
10/03/2018,Atlas,Puebla,1,0,H,2.88,3.16,2.77
10/03/2018,Cruz Azul,Pachuca,5,0,H,2.06,3.4,4.06
10/03/2018,Lobos BUAP,Guadalajara Chivas,0,1,A,2.32,3.65,3.17
10/03/2018,Queretaro,Necaxa,1,1,D,2.79,3.11,2.9
11/03/2018,U.A.N.L.- Tigres,Club Tijuana,1,0,H,1.65,3.86,6.32
11/03/2018,Club America,Club Leon,2,0,H,1.7,4.02,5.31
11/03/2018,U.N.A.M.- Pumas,Toluca,0,1,A,3.06,3.5,2.42
12/03/2018,Santos Laguna,Monterrey,3,2,H,2.54,3.44,2.94
17/03/2018,Puebla,Santos Laguna,0,1,A,2.48,3.32,3.14
17/03/2018,Club Tijuana,Monarcas,1,1,D,1.92,3.51,4.56
17/03/2018,Cruz Azul,U.N.A.M.- Pumas,1,1,D,1.75,3.85,5.17
18/03/2018,Monterrey,Queretaro,3,1,H,1.51,4.44,7.37
18/03/2018,Club Leon,Lobos BUAP,2,2,D,1.95,3.91,3.87
18/03/2018,Club America,Toluca,1,2,A,2.29,3.33,3.48
18/03/2018,Necaxa,Pachuca,1,1,D,2.33,3.34,3.37
18/03/2018,Guadalajara Chivas,U.A.N.L.- Tigres,0,0,D,2.83,3.25,2.75
19/03/2018,Veracruz,Atlas,3,1,H,2.5,3.25,3.15
31/03/2018,Monarcas,Guadalajara Chivas,1,2,A,2.48,3.36,3.09
31/03/2018,Atlas,Santos Laguna,3,2,H,3.87,3.49,2.08
01/04/2018,Lobos BUAP,Toluca,1,2,A,3.02,3.64,2.39
01/04/2018,Queretaro,Puebla,2,1,H,2.74,3.06,3
01/04/2018,U.A.N.L.- Tigres,Club Leon,4,1,H,1.63,4.32,5.55
01/04/2018,Pachuca,Monterrey,1,2,A,2.73,3.62,2.62
01/04/2018,Club America,Cruz Azul,2,1,H,2.33,3.25,3.48
01/04/2018,U.N.A.M.- Pumas,Necaxa,1,1,D,2.43,3.36,3.12
02/04/2018,Veracruz,Club Tijuana,1,0,H,2.99,3.25,2.61
07/04/2018,Puebla,Pachuca,2,6,A,2.36,3.35,3.31
07/04/2018,Club Tijuana,Atlas,2,2,D,1.61,4.11,6.27
07/04/2018,Cruz Azul,Lobos BUAP,1,0,H,1.79,3.86,4.84
08/04/2018,Monterrey,U.N.A.M.- Pumas,2,1,H,1.46,4.91,7.39
08/04/2018,Club Leon,Monarcas,2,3,A,1.9,3.96,4.06
08/04/2018,Necaxa,Club America,1,1,D,2.83,3.25,2.75
08/04/2018,Guadalajara Chivas,Veracruz,0,1,A,1.88,3.61,4.66
08/04/2018,Toluca,U.A.N.L.- Tigres,1,0,H,2.51,3.26,3.12
09/04/2018,Santos Laguna,Queretaro,3,0,H,1.64,4,6.03
14/04/2018,Atlas,Queretaro,1,0,H,2.4,3.03,3.59
14/04/2018,Club Tijuana,Guadalajara Chivas,3,0,H,1.55,4.24,7.04
14/04/2018,Lobos BUAP,Necaxa,0,1,A,2.37,3.46,3.18
15/04/2018,U.A.N.L.- Tigres,Cruz Azul,2,2,D,2.04,3.45,4.1
15/04/2018,Pachuca,Santos Laguna,3,1,H,2.32,3.59,3.17
15/04/2018,Monarcas,Toluca,0,1,A,3.26,3.36,2.37
15/04/2018,Club America,Monterrey,0,0,D,2.48,3.31,3.13
15/04/2018,U.N.A.M.- Pumas,Puebla,4,2,H,2.22,3.43,3.55
16/04/2018,Veracruz,Club Leon,1,2,A,2.43,3.55,3.01
21/04/2018,Puebla,Club America,3,1,H,3.84,3.45,2.11
21/04/2018,Atlas,Guadalajara Chivas,1,0,H,2.12,3.42,3.8
21/04/2018,Cruz Azul,Monarcas,2,0,H,1.88,3.75,4.45
21/04/2018,Queretaro,Pachuca,0,0,D,3.13,3.55,2.36
22/04/2018,Monterrey,Lobos BUAP,4,0,H,1.53,4.77,6.13
22/04/2018,Club Leon,Club Tijuana,1,1,D,2.21,3.63,3.36
22/04/2018,Necaxa,U.A.N.L.- Tigres,1,1,D,2.9,3.29,2.66
22/04/2018,Toluca,Veracruz,3,0,H,1.44,4.62,8.85
23/04/2018,Santos Laguna,U.N.A.M.- Pumas,1,2,A,1.85,4.05,4.23
28/04/2018,Monarcas,Necaxa,2,2,D,2.53,3.39,2.98
28/04/2018,Club Tijuana,Toluca,1,0,H,1.59,4.15,6.46
28/04/2018,Lobos BUAP,Puebla,0,1,A,3.01,3.96,2.24
29/04/2018,U.A.N.L.- Tigres,Monterrey,2,2,D,2.41,3.19,3.36
29/04/2018,Pachuca,Atlas,0,0,D,1.48,4.68,7.4
29/04/2018,Club America,Santos Laguna,1,0,H,2.04,3.62,3.86
29/04/2018,Guadalajara Chivas,Club Leon,0,2,A,2.49,3.62,2.88
29/04/2018,U.N.A.M.- Pumas,Queretaro,1,1,D,1.64,3.94,6.23
30/04/2018,Veracruz,Cruz Azul,1,2,A,3.63,3.6,2.12
03/05/2018,U.N.A.M.- Pumas,Club America,1,4,A,3.42,3.46,2.26
03/05/2018,Club Tijuana,Monterrey,1,1,D,2.7,3.18,2.94
04/05/2018,U.A.N.L.- Tigres,Santos Laguna,2,0,H,1.78,3.68,4.95
04/05/2018,Monarcas,Toluca,2,2,D,3.33,3.33,2.3
06/05/2018,Club America,U.N.A.M.- Pumas,2,1,H,1.76,4.06,4.57
06/05/2018,Monterrey,Club Tijuana,1,2,A,1.75,3.68,5.3
06/05/2018,Toluca,Monarcas,2,2,D,1.68,4.15,5.07
07/05/2018,Santos Laguna,U.A.N.L.- Tigres,2,0,H,2.36,3.62,3.02
11/05/2018,Santos Laguna,Club America,4,1,H,2.52,3.3,3
11/05/2018,Club Tijuana,Toluca,2,1,H,2.28,3.24,3.49
13/05/2018,Toluca,Club Tijuana,4,1,H,1.89,3.6,4.42
14/05/2018,Club America,Santos Laguna,2,2,D,1.55,4.75,5.6
18/05/2018,Santos Laguna,Toluca,2,1,H,2.28,3.5,3.26
21/05/2018,Toluca,Santos Laguna,1,1,D,1.69,3.96,5.29
21/07/2018,Veracruz,U.N.A.M.- Pumas,0,2,A,2.89,3.25,2.64
21/07/2018,Atlas,Queretaro,0,0,D,2.32,3.14,3.53
21/07/2018,Cruz Azul,Puebla,3,0,H,1.72,3.79,5.34
22/07/2018,Pachuca,Monterrey,0,1,A,3.06,3.49,2.38
22/07/2018,Club Tijuana,Guadalajara Chivas,2,1,H,2.33,3.12,3.52
22/07/2018,U.A.N.L.- Tigres,Club Leon,2,0,H,1.69,3.69,5.82
22/07/2018,Toluca,Monarcas,2,0,H,1.55,4.43,6.2
23/07/2018,Santos Laguna,Lobos BUAP,2,1,H,1.68,4.33,4.83
23/07/2018,Necaxa,Club America,2,1,H,2.86,3.14,2.74
28/07/2018,Monarcas,Santos Laguna,3,1,H,2.62,3.47,2.76
28/07/2018,Puebla,Toluca,2,1,H,3.57,3.41,2.18
28/07/2018,Queretaro,Pachuca,1,0,H,3.23,3.33,2.36
29/07/2018,Club America,Atlas,3,0,H,1.63,3.86,6.26
29/07/2018,Guadalajara Chivas,Cruz Azul,0,1,A,3.36,3.37,2.28
29/07/2018,U.N.A.M.- Pumas,Necaxa,5,3,H,2.28,3.37,3.35
29/07/2018,Lobos BUAP,Veracruz,2,0,H,1.76,4,4.67
30/07/2018,U.A.N.L.- Tigres,Club Tijuana,1,0,H,1.65,3.79,6.19
30/07/2018,Club Leon,Monterrey,0,2,A,3.15,3.45,2.35
04/08/2018,Veracruz,Monarcas,2,2,D,3.13,3.48,2.35
04/08/2018,Atlas,U.N.A.M.- Pumas,0,3,A,2.29,3.56,3.17
04/08/2018,Necaxa,Lobos BUAP,1,0,H,1.83,3.81,4.51
05/08/2018,Pachuca,Club America,1,3,A,2.88,3.32,2.61
05/08/2018,Cruz Azul,U.A.N.L.- Tigres,1,0,H,2.26,3.2,3.6
05/08/2018,Monterrey,Queretaro,2,1,H,1.4,4.71,9.22
05/08/2018,Toluca,Guadalajara Chivas,2,2,D,1.88,3.54,4.53
06/08/2018,Santos Laguna,Puebla,2,0,H,1.78,3.9,4.64
06/08/2018,Club Tijuana,Club Leon,1,1,D,1.85,3.75,4.39
11/08/2018,Puebla,Veracruz,1,2,A,1.78,3.68,5.07
11/08/2018,Monarcas,Necaxa,2,1,H,2.43,3.49,2.99
11/08/2018,Lobos BUAP,Atlas,0,0,D,2.24,3.38,3.42
12/08/2018,Club Leon,Queretaro,4,0,H,1.96,3.56,4.2
12/08/2018,U.A.N.L.- Tigres,Toluca,1,2,A,1.58,4.16,6.41
12/08/2018,Club America,Monterrey,3,0,H,2.5,3.15,3.17
12/08/2018,U.N.A.M.- Pumas,Pachuca,0,0,D,2.24,3.62,3.21
13/08/2018,Guadalajara Chivas,Santos Laguna,1,2,A,2.31,3.52,3.18
13/08/2018,Club Tijuana,Cruz Azul,1,1,D,2.9,3.05,2.78
18/08/2018,Veracruz,Guadalajara Chivas,0,2,A,3.29,3.37,2.32
18/08/2018,Atlas,Monarcas,0,1,A,2.21,3.64,3.28
18/08/2018,Cruz Azul,Club Leon,3,0,H,1.87,3.5,4.74
19/08/2018,Pachuca,Lobos BUAP,3,0,H,1.75,3.92,4.88
19/08/2018,Necaxa,Puebla,2,2,D,2,3.5,4.03
19/08/2018,Queretaro,Club America,1,1,D,4.27,3.81,1.86
19/08/2018,Monterrey,U.N.A.M.- Pumas,1,0,H,1.59,4.29,5.82
19/08/2018,Toluca,Club Tijuana,3,0,H,1.93,3.55,4.29
20/08/2018,Santos Laguna,U.A.N.L.- Tigres,3,1,H,2.81,3.33,2.66
22/08/2018,Monarcas,Pachuca,1,1,D,2.82,3.57,2.5
22/08/2018,U.N.A.M.- Pumas,Queretaro,0,1,A,1.86,3.77,4.33
22/08/2018,Guadalajara Chivas,Necaxa,1,0,H,2.31,3.38,3.29
22/08/2018,Puebla,Atlas,2,0,H,2.49,3.09,3.26
23/08/2018,Club Leon,Club America,2,0,H,2.94,3.6,2.4
23/08/2018,Cruz Azul,Toluca,1,0,H,2.02,3.31,4.21
23/08/2018,Lobos BUAP,Monterrey,1,2,A,4.39,3.6,1.88
23/08/2018,U.A.N.L.- Tigres,Veracruz,4,0,H,1.32,5.19,11.94
23/08/2018,Club Tijuana,Santos Laguna,2,2,D,2.12,3.39,3.69
25/08/2018,Atlas,Guadalajara Chivas,0,1,A,2.86,3.08,2.78
25/08/2018,Pachuca,Puebla,2,0,H,1.81,3.7,4.8
26/08/2018,Club America,U.N.A.M.- Pumas,2,2,D,1.68,3.89,5.59
26/08/2018,Veracruz,Club Tijuana,1,0,H,3.27,3.34,2.34
26/08/2018,Necaxa,U.A.N.L.- Tigres,1,1,D,3.27,3.33,2.34
26/08/2018,Monterrey,Monarcas,2,2,D,1.53,4.06,7.6
26/08/2018,Queretaro,Lobos BUAP,2,0,H,1.96,3.72,3.92
26/08/2018,Toluca,Club Leon,1,2,A,2.14,3.52,3.54
27/08/2018,Santos Laguna,Cruz Azul,1,1,D,2.86,3.34,2.61
01/09/2018,Monarcas,Queretaro,1,4,A,2.14,3.43,3.65
01/09/2018,Puebla,Monterrey,2,1,H,3.87,3.48,2.05
01/09/2018,Club Tijuana,Necaxa,1,0,H,2.02,3.45,4.04
01/09/2018,Cruz Azul,Veracruz,4,1,H,1.39,4.77,9.65
02/09/2018,Club Leon,U.N.A.M.- Pumas,1,2,A,1.74,4.05,4.74
02/09/2018,U.A.N.L.- Tigres,Atlas,3,1,H,1.5,4.12,8.08
02/09/2018,Guadalajara Chivas,Pachuca,1,3,A,2.48,3.28,3.08
02/09/2018,Toluca,Santos Laguna,2,1,H,2.12,3.58,3.56
02/09/2018,Lobos BUAP,Club America,0,2,A,4.16,3.73,1.91
15/09/2018,Veracruz,Toluca,2,3,A,4.12,3.43,1.99
15/09/2018,Queretaro,Puebla,0,1,A,2.24,3.22,3.57
16/09/2018,Club America,Monarcas,2,1,H,1.55,4.58,5.74
16/09/2018,Pachuca,U.A.N.L.- Tigres,1,1,D,2.84,3.14,2.73
16/09/2018,Necaxa,Cruz Azul,2,0,H,3.04,3.29,2.47
16/09/2018,Monterrey,Guadalajara Chivas,2,4,A,1.59,4.18,5.95
16/09/2018,U.N.A.M.- Pumas,Lobos BUAP,4,2,H,1.78,3.72,4.9
16/09/2018,Santos Laguna,Club Leon,3,0,H,2.25,3.47,3.28
17/09/2018,Atlas,Club Tijuana,0,1,A,2.58,3.14,3.02
22/09/2018,Monarcas,U.N.A.M.- Pumas,0,0,D,2.6,3.61,2.67
22/09/2018,Puebla,Club America,2,3,A,3.84,3.57,2.01
22/09/2018,Toluca,Necaxa,3,2,H,1.95,3.75,3.93
23/09/2018,Club Leon,Lobos BUAP,0,1,A,1.56,4.32,6.02
23/09/2018,Cruz Azul,Atlas,2,0,H,1.62,3.79,6.46
23/09/2018,Club Tijuana,Pachuca,1,0,H,2.17,3.49,3.51
23/09/2018,Guadalajara Chivas,Queretaro,1,1,D,2.15,3.26,3.83
24/09/2018,Santos Laguna,Veracruz,1,1,D,1.42,4.65,8.2
24/09/2018,U.A.N.L.- Tigres,Monterrey,0,0,D,2.07,3.4,3.94
29/09/2018,Veracruz,Club Leon,0,4,A,3.28,3.4,2.31
29/09/2018,Atlas,Toluca,2,0,H,3.17,3.6,2.28
29/09/2018,Queretaro,U.A.N.L.- Tigres,0,2,A,3.96,3.35,2.08
30/09/2018,Pachuca,Cruz Azul,3,1,H,2.66,3.15,2.97
30/09/2018,Necaxa,Santos Laguna,0,1,A,2.42,3.44,3.06
30/09/2018,Monterrey,Club Tijuana,3,0,H,1.8,3.67,4.84
30/09/2018,U.N.A.M.- Pumas,Puebla,2,2,D,1.95,3.56,4.17
30/09/2018,Lobos BUAP,Monarcas,3,1,H,2.4,3.62,2.95
01/10/2018,Club America,Guadalajara Chivas,1,1,D,1.64,4,5.67
06/10/2018,Santos Laguna,Atlas,3,1,H,1.84,3.56,4.78
06/10/2018,Veracruz,Necaxa,0,0,D,3.57,3.53,2.13
06/10/2018,Cruz Azul,Monterrey,2,1,H,2.32,3.23,3.42
07/10/2018,Club Leon,Monarcas,1,2,A,1.71,4.05,4.82
07/10/2018,U.A.N.L.- Tigres,Club America,2,3,A,2.13,3.33,3.72
07/10/2018,Guadalajara Chivas,U.N.A.M.- Pumas,1,2,A,2.31,3.34,3.35
07/10/2018,Club Tijuana,Queretaro,1,1,D,1.65,3.91,5.72
07/10/2018,Toluca,Pachuca,2,1,H,2.42,3.34,3.15
08/10/2018,Puebla,Lobos BUAP,2,2,D,2.26,3.39,3.4
20/10/2018,Atlas,Veracruz,4,3,H,1.67,3.91,5.52
20/10/2018,Queretaro,Cruz Azul,2,0,H,3.84,3.34,2.12
21/10/2018,Club America,Club Tijuana,3,0,H,1.58,4.25,5.82
21/10/2018,Pachuca,Santos Laguna,1,1,D,2.09,3.7,3.52
21/10/2018,Necaxa,Club Leon,0,2,A,2.74,3.49,2.64
21/10/2018,Monterrey,Toluca,2,1,H,2.03,3.56,3.87
21/10/2018,Lobos BUAP,Guadalajara Chivas,1,1,D,2.97,3.21,2.61
21/10/2018,U.N.A.M.- Pumas,U.A.N.L.- Tigres,3,3,D,3.18,3.42,2.36
22/10/2018,Monarcas,Puebla,2,0,H,2.23,3.39,3.48
27/10/2018,Santos Laguna,Monterrey,1,0,H,2.52,3.43,2.92
27/10/2018,Veracruz,Pachuca,2,3,A,4.02,3.69,1.95
27/10/2018,Necaxa,Atlas,2,2,D,2.08,3.48,3.79
28/10/2018,Guadalajara Chivas,Monarcas,1,2,A,2.04,3.57,3.82
28/10/2018,U.A.N.L.- Tigres,Lobos BUAP,2,2,D,1.31,5.89,8.98
28/10/2018,Cruz Azul,Club America,0,0,D,3.3,3.19,2.42
28/10/2018,Club Tijuana,U.N.A.M.- Pumas,0,1,A,1.83,3.84,4.38
28/10/2018,Toluca,Queretaro,4,0,H,1.7,4.01,5
29/10/2018,Club Leon,Puebla,0,4,A,1.62,4.36,5.25
03/11/2018,Monarcas,U.A.N.L.- Tigres,0,2,A,3.74,3.61,2.05
03/11/2018,Puebla,Guadalajara Chivas,2,2,D,2.63,3.29,2.88
03/11/2018,Pachuca,Necaxa,6,2,H,1.61,4.02,5.98
04/11/2018,Club America,Toluca,1,1,D,2.09,3.44,3.81
04/11/2018,Monterrey,Veracruz,2,0,H,1.37,4.84,9.6
04/11/2018,Lobos BUAP,Club Tijuana,3,1,H,2.67,3.46,2.73
04/11/2018,U.N.A.M.- Pumas,Cruz Azul,1,2,A,3.04,3.32,2.49
04/11/2018,Queretaro,Santos Laguna,2,1,H,3.04,3.38,2.47
05/11/2018,Atlas,Club Leon,0,0,D,2.75,3.66,2.54
10/11/2018,Veracruz,Queretaro,2,2,D,3.12,3.43,2.38
10/11/2018,Atlas,Pachuca,0,0,D,3.29,3.52,2.25
10/11/2018,Cruz Azul,Lobos BUAP,2,1,H,1.54,4.2,6.66
11/11/2018,Club Leon,Guadalajara Chivas,0,1,A,2.22,3.38,3.5
11/11/2018,U.A.N.L.- Tigres,Puebla,6,1,H,1.4,5.02,7.79
11/11/2018,Club Tijuana,Monarcas,2,3,A,2.06,3.68,3.64
11/11/2018,Necaxa,Monterrey,1,1,D,3.23,3.43,2.33
11/11/2018,Toluca,U.N.A.M.- Pumas,0,1,A,1.83,3.63,4.68
12/11/2018,Santos Laguna,Club America,1,1,D,2.48,3.28,3.09
24/11/2018,Monarcas,Cruz Azul,0,2,A,2.38,3.49,3.09
24/11/2018,Puebla,Club Tijuana,0,0,D,2.41,3.36,3.13
24/11/2018,Queretaro,Necaxa,1,0,H,1.85,3.63,4.59
25/11/2018,Club America,Veracruz,4,1,H,1.33,5.56,8.93
25/11/2018,Pachuca,Club Leon,1,1,D,1.48,4.9,6.21
25/11/2018,Guadalajara Chivas,U.A.N.L.- Tigres,0,1,A,3.53,3.49,2.16
25/11/2018,Monterrey,Atlas,3,1,H,1.69,3.74,5.67
25/11/2018,U.N.A.M.- Pumas,Santos Laguna,1,1,D,2.61,3.5,2.77
25/11/2018,Lobos BUAP,Toluca,2,0,H,3.28,3.74,2.17
29/11/2018,Queretaro,Cruz Azul,0,2,A,3.43,3.1,2.4
29/11/2018,Monterrey,Santos Laguna,1,0,H,1.95,3.48,4.28
30/11/2018,Toluca,Club America,2,2,D,,,
30/11/2018,U.A.N.L.- Tigres,U.N.A.M.- Pumas,2,1,H,,,
02/12/2018,Cruz Azul,Queretaro,1,1,D,1.68,3.74,5.82
02/12/2018,Santos Laguna,Monterrey,0,2,A,2.38,3.23,3.32
02/12/2018,U.N.A.M.- Pumas,U.A.N.L.- Tigres,3,1,H,3.14,3.44,2.37
03/12/2018,Club America,Toluca,3,2,H,2.15,3.36,3.72
06/12/2018,Monterrey,Cruz Azul,1,0,H,2.29,3.08,3.7
07/12/2018,U.N.A.M.- Pumas,Club America,1,1,D,3.4,3.33,2.29
09/12/2018,Cruz Azul,Monterrey,1,0,H,2.09,3.36,3.91
10/12/2018,Club America,U.N.A.M.- Pumas,6,1,H,1.83,3.6,4.73
14/12/2018,Club America,Cruz Azul,0,0,D,2.4,3.02,3.53
17/12/2018,Cruz Azul,Club America,0,2,A,2.9,2.84,3
05/01/2019,Monarcas,Toluca,1,3,A,2.94,3.46,2.49
05/01/2019,Puebla,Cruz Azul,1,1,D,3.46,3.26,2.3
05/01/2019,Queretaro,Atlas,1,2,A,2.44,3.21,3.23
05/01/2019,Monterrey,Pachuca,5,0,H,1.74,3.88,4.97
06/01/2019,Club Leon,U.A.N.L.- Tigres,2,2,D,3.26,3.27,2.39
06/01/2019,Guadalajara Chivas,Club Tijuana,2,0,H,2.17,3.29,3.75
06/01/2019,U.N.A.M.- Pumas,Veracruz,0,0,D,1.47,4.65,6.91
06/01/2019,Lobos BUAP,Santos Laguna,2,0,H,3.05,3.38,2.45
12/01/2019,Veracruz,Lobos BUAP,0,1,A,2.89,3.28,2.63
12/01/2019,Atlas,Club America,1,2,A,4.02,3.47,1.99
12/01/2019,Monterrey,Club Leon,2,2,D,1.67,4.01,5.36
13/01/2019,Cruz Azul,Guadalajara Chivas,0,1,A,2.03,3.12,4.52
13/01/2019,Pachuca,Queretaro,3,0,H,1.72,4.18,4.64
13/01/2019,Club Tijuana,U.A.N.L.- Tigres,0,3,A,3.53,3.23,2.28
13/01/2019,Necaxa,U.N.A.M.- Pumas,2,1,H,2.56,3.25,3
13/01/2019,Toluca,Puebla,2,0,H,1.73,3.83,5.1
14/01/2019,Santos Laguna,Monarcas,1,0,H,1.83,3.94,4.24
19/01/2019,Monarcas,Veracruz,2,0,H,1.63,4.27,5.3
19/01/2019,Puebla,Santos Laguna,1,1,D,2.97,3.22,2.6
19/01/2019,Queretaro,Monterrey,1,2,A,4.81,4.06,1.72
20/01/2019,Club America,Pachuca,3,0,H,1.84,3.71,4.51
20/01/2019,U.A.N.L.- Tigres,Cruz Azul,0,1,A,1.85,3.52,4.78
20/01/2019,U.N.A.M.- Pumas,Atlas,2,2,D,2.06,3.37,4
20/01/2019,Lobos BUAP,Necaxa,2,3,A,2.44,3.18,3.26
21/01/2019,Guadalajara Chivas,Toluca,1,0,H,2.55,3.22,3.05
21/01/2019,Club Leon,Club Tijuana,0,1,A,1.83,3.89,4.34
26/01/2019,Veracruz,Puebla,0,1,A,3.17,3.19,2.49
26/01/2019,Atlas,Lobos BUAP,3,1,H,2.08,3.34,3.97
26/01/2019,Cruz Azul,Club Tijuana,1,0,H,1.65,3.93,5.66
26/01/2019,Monterrey,Club America,3,2,H,2.15,3.42,3.64
27/01/2019,Pachuca,U.N.A.M.- Pumas,1,0,H,2,3.58,3.94
27/01/2019,Necaxa,Monarcas,0,0,D,2.12,3.6,3.54
27/01/2019,Toluca,U.A.N.L.- Tigres,0,1,A,2.85,3.16,2.75
27/01/2019,Queretaro,Club Leon,0,4,A,3.11,3.42,2.4
28/01/2019,Santos Laguna,Guadalajara Chivas,1,0,H,2.11,3.36,3.84
02/02/2019,Monarcas,Atlas,1,2,A,2.49,3.5,2.91
02/02/2019,Puebla,Necaxa,1,4,A,2.7,3.16,2.91
02/02/2019,Club America,Queretaro,2,0,H,1.46,4.33,7.98
03/02/2019,Club Leon,Cruz Azul,2,0,H,2.29,3.38,3.34
03/02/2019,U.A.N.L.- Tigres,Santos Laguna,2,1,H,1.78,3.73,4.89
03/02/2019,Club Tijuana,Toluca,2,0,H,2.64,3.27,2.89
03/02/2019,U.N.A.M.- Pumas,Monterrey,1,1,D,3.62,3.49,2.13
03/02/2019,Lobos BUAP,Pachuca,1,1,D,3.36,3.69,2.16
05/02/2019,Guadalajara Chivas,Veracruz,0,0,D,1.44,4.55,7.93
09/02/2019,Veracruz,U.A.N.L.- Tigres,0,2,A,6.69,4.71,1.47
09/02/2019,Atlas,Puebla,1,2,A,1.93,3.53,4.27
09/02/2019,Monterrey,Lobos BUAP,4,0,H,1.32,6.03,8.5
09/02/2019,Queretaro,U.N.A.M.- Pumas,0,2,A,2.77,3.36,2.68
10/02/2019,Club America,Club Leon,0,3,A,2.03,3.34,4.15
10/02/2019,Pachuca,Monarcas,2,0,H,1.72,4.01,4.89
10/02/2019,Necaxa,Guadalajara Chivas,3,3,D,2.83,3.06,2.86
10/02/2019,Toluca,Cruz Azul,1,1,D,2.45,3.19,3.23
11/02/2019,Santos Laguna,Club Tijuana,1,1,D,2.29,3.24,3.49
16/02/2019,Monarcas,Monterrey,2,3,A,4.57,4.37,1.7
16/02/2019,Puebla,Pachuca,1,1,D,3.65,3.49,2.12
16/02/2019,Club Tijuana,Veracruz,3,0,H,1.49,4.29,7.4
16/02/2019,Cruz Azul,Santos Laguna,1,2,A,1.88,3.56,4.51
17/02/2019,Club Leon,Toluca,3,0,H,2.22,3.56,3.32
17/02/2019,U.A.N.L.- Tigres,Necaxa,3,2,H,1.45,4.6,7.36
17/02/2019,Guadalajara Chivas,Atlas,3,0,H,2.19,3.32,3.66
17/02/2019,U.N.A.M.- Pumas,Club America,1,0,H,3.55,3.58,2.12
17/02/2019,Lobos BUAP,Queretaro,3,1,H,2.29,3.39,3.34
23/02/2019,Atlas,U.A.N.L.- Tigres,0,1,A,3.82,3.55,2.05
23/02/2019,Veracruz,Cruz Azul,1,1,D,5.9,3.82,1.65
23/02/2019,Queretaro,Monarcas,3,0,H,2.56,3.34,2.93
24/02/2019,Club America,Lobos BUAP,3,0,H,1.41,5.24,7.13
24/02/2019,Monterrey,Puebla,0,0,D,1.4,4.72,8.86
24/02/2019,Necaxa,Club Tijuana,1,2,A,2.34,3.35,3.27
24/02/2019,Pachuca,Guadalajara Chivas,3,1,H,2.27,3.33,3.45
24/02/2019,U.N.A.M.- Pumas,Club Leon,1,3,A,2.81,3.47,2.58
25/02/2019,Santos Laguna,Toluca,4,0,H,2.04,3.38,4.08
02/03/2019,Club Tijuana,Atlas,3,1,H,1.71,4.01,4.97
02/03/2019,Monarcas,Club America,2,2,D,4.12,3.67,1.93
02/03/2019,Cruz Azul,Necaxa,2,1,H,1.82,3.57,4.86
03/03/2019,Club Leon,Santos Laguna,3,0,H,2.12,3.62,3.53
03/03/2019,U.A.N.L.- Tigres,Pachuca,3,0,H,1.56,4.35,5.89
03/03/2019,Guadalajara Chivas,Monterrey,0,2,A,2.96,3.24,2.6
03/03/2019,Toluca,Veracruz,3,1,H,1.39,4.82,8.57
03/03/2019,Lobos BUAP,U.N.A.M.- Pumas,2,1,H,3.37,3.4,2.27
05/03/2019,Puebla,Queretaro,1,0,H,2.19,3.36,3.61
06/03/2019,Club America,Necaxa,1,3,A,1.65,3.88,5.73
09/03/2019,Veracruz,Santos Laguna,2,2,D,4.78,3.47,1.86
09/03/2019,Atlas,Cruz Azul,0,2,A,3.35,3.02,2.49
09/03/2019,Pachuca,Club Tijuana,4,0,H,1.78,3.86,4.66
10/03/2019,Club America,Puebla,1,0,H,1.52,4.03,7.5
10/03/2019,Monterrey,U.A.N.L.- Tigres,1,1,D,2.38,3.22,3.33
10/03/2019,Necaxa,Toluca,1,1,D,2.56,3.23,3.02
10/03/2019,Queretaro,Guadalajara Chivas,0,0,D,3.34,3.25,2.36
10/03/2019,U.N.A.M.- Pumas,Monarcas,2,2,D,2.18,3.38,3.62
10/03/2019,Lobos BUAP,Club Leon,0,1,A,4.66,4.41,1.68
16/03/2019,Monarcas,Lobos BUAP,1,1,D,1.88,4.01,3.95
16/03/2019,Puebla,U.N.A.M.- Pumas,1,0,H,2.8,3.3,2.69
16/03/2019,Cruz Azul,Pachuca,4,1,H,2.19,3.29,3.69
17/03/2019,Guadalajara Chivas,Club America,0,2,A,3.16,3.13,2.54
17/03/2019,U.A.N.L.- Tigres,Queretaro,4,1,H,1.36,4.71,10.67
17/03/2019,Club Tijuana,Monterrey,1,0,H,3.23,3.31,2.38
17/03/2019,Toluca,Atlas,2,0,H,1.86,3.53,4.68
18/03/2019,Santos Laguna,Necaxa,1,2,A,2.06,3.55,3.77
18/03/2019,Club Leon,Veracruz,2,0,H,1.22,6.82,13.38
30/03/2019,Monarcas,Club Leon,2,3,A,3.88,3.69,1.98
30/03/2019,Atlas,Santos Laguna,1,0,H,2.96,3.51,2.45
30/03/2019,Queretaro,Club Tijuana,1,0,H,3.49,3.34,2.25
31/03/2019,Club America,U.A.N.L.- Tigres,3,0,H,2.38,3.3,3.26
31/03/2019,Pachuca,Toluca,3,2,H,2.25,3.45,3.36
31/03/2019,Monterrey,Cruz Azul,2,2,D,1.83,3.68,4.58
31/03/2019,Necaxa,Veracruz,2,0,H,1.41,4.9,7.69
31/03/2019,U.N.A.M.- Pumas,Guadalajara Chivas,2,1,H,2.32,3.36,3.3
31/03/2019,Lobos BUAP,Puebla,0,4,A,2.78,3.19,2.8
06/04/2019,Veracruz,Atlas,0,1,A,3.41,3.49,2.21
06/04/2019,Puebla,Monarcas,1,1,D,2.11,3.71,3.47
07/04/2019,Cruz Azul,Queretaro,3,0,H,1.5,4.14,7.6
07/04/2019,Club Leon,Necaxa,2,1,H,1.81,3.82,4.55
07/04/2019,U.A.N.L.- Tigres,U.N.A.M.- Pumas,2,0,H,1.35,5.25,9.13
07/04/2019,Guadalajara Chivas,Lobos BUAP,0,1,A,1.62,4.1,5.71
07/04/2019,Club Tijuana,Club America,3,2,H,2.73,3.21,2.83
07/04/2019,Toluca,Monterrey,5,1,H,2.56,3.48,2.84
08/04/2019,Santos Laguna,Pachuca,0,0,D,2.24,3.68,3.19
13/04/2019,Atlas,Necaxa,1,2,A,2.82,3.37,2.63
13/04/2019,Puebla,Club Leon,0,3,A,4,3.69,1.95
13/04/2019,Queretaro,Toluca,0,0,D,3.69,3.63,2.06
14/04/2019,Pachuca,Veracruz,9,2,H,1.29,5.95,9.72
14/04/2019,Monarcas,Guadalajara Chivas,1,0,H,2.8,3.21,2.77
14/04/2019,U.N.A.M.- Pumas,Club Tijuana,1,0,H,2.23,3.34,3.54
14/04/2019,Lobos BUAP,U.A.N.L.- Tigres,0,3,A,5.7,4.12,1.61
15/04/2019,Club America,Cruz Azul,0,0,D,2.13,3.18,4.03
15/04/2019,Monterrey,Santos Laguna,4,0,H,1.59,4.39,5.54
20/04/2019,Veracruz,Monterrey,0,1,A,5.66,4.29,1.59
20/04/2019,Club Tijuana,Lobos BUAP,1,2,A,1.48,4.77,6.5
20/04/2019,Necaxa,Pachuca,2,2,D,2.55,3.45,2.87
20/04/2019,Club Leon,Atlas,5,2,H,1.41,5.04,7.57
21/04/2019,Cruz Azul,U.N.A.M.- Pumas,2,1,H,1.56,4.45,5.72
21/04/2019,U.A.N.L.- Tigres,Monarcas,3,3,D,1.63,4.14,5.52
21/04/2019,Guadalajara Chivas,Puebla,1,3,A,1.94,3.52,4.27
21/04/2019,Toluca,Club America,3,2,H,2.79,3.44,2.62
22/04/2019,Santos Laguna,Queretaro,2,1,H,1.62,4.16,5.55
27/04/2019,Puebla,U.A.N.L.- Tigres,1,1,D,3.16,3.42,2.37
27/04/2019,Monarcas,Club Tijuana,1,4,A,2.7,3.47,2.68
27/04/2019,Pachuca,Atlas,1,0,H,1.47,4.69,6.74
28/04/2019,Club America,Santos Laguna,1,0,H,1.54,4.53,5.88
28/04/2019,Monterrey,Necaxa,2,2,D,2.89,3.43,2.55
28/04/2019,Guadalajara Chivas,Club Leon,2,1,H,3.69,3.71,2.03
28/04/2019,U.N.A.M.- Pumas,Toluca,2,2,D,3.3,3.78,2.16
28/04/2019,Lobos BUAP,Cruz Azul,1,4,A,5.3,3.85,1.7
29/04/2019,Queretaro,Veracruz,2,1,H,1.56,4.45,5.87
04/05/2019,Veracruz,Club America,0,2,A,9.25,5.65,1.32
04/05/2019,Cruz Azul,Monarcas,1,1,D,1.52,4.48,6.41
05/05/2019,Club Leon,Pachuca,2,1,H,1.98,3.64,3.93
05/05/2019,U.A.N.L.- Tigres,Guadalajara Chivas,2,1,H,1.74,4.14,4.56
05/05/2019,Necaxa,Queretaro,1,0,H,1.83,3.73,4.54
05/05/2019,Club Tijuana,Puebla,4,0,H,1.85,3.77,4.38
05/05/2019,Toluca,Lobos BUAP,4,0,H,1.57,4.24,5.97
05/05/2019,Atlas,Monterrey,2,0,H,2.81,3.37,2.64
06/05/2019,Santos Laguna,U.N.A.M.- Pumas,5,2,H,1.88,3.93,4.01
09/05/2019,Pachuca,U.A.N.L.- Tigres,1,1,D,2.84,3.42,2.58
09/05/2019,Club Tijuana,Club Leon,1,3,A,2.89,3.18,2.7
10/05/2019,Necaxa,Monterrey,1,0,H,3.42,3.31,2.29
10/05/2019,Club America,Cruz Azul,3,1,H,2.33,2.99,3.73
12/05/2019,U.A.N.L.- Tigres,Pachuca,1,1,D,1.68,3.99,5.31
12/05/2019,Club Leon,Club Tijuana,2,1,H,1.71,4.01,4.91
13/05/2019,Cruz Azul,Club America,1,0,H,2.63,3.24,2.93
13/05/2019,Monterrey,Necaxa,1,0,H,1.51,4.57,6.38
16/05/2019,Monterrey,U.A.N.L.- Tigres,1,0,H,2.43,3.13,3.33
17/05/2019,Club America,Club Leon,0,1,A,2.9,3.32,2.6
19/05/2019,U.A.N.L.- Tigres,Monterrey,1,0,H,2.16,3.44,3.59
20/05/2019,Club Leon,Club America,0,1,A,2.34,3.39,3.24
24/05/2019,U.A.N.L.- Tigres,Club Leon,1,0,H,2.35,3.19,3.43
27/05/2019,Club Leon,U.A.N.L.- Tigres,0,0,D,2.15,3.37,3.7
20/07/2019,Puebla,Club Tijuana,1,3,A,2.64,3.15,2.96
20/07/2019,Atlas,Juarez,1,0,H,1.81,3.64,4.82
20/07/2019,Atl. San Luis,U.N.A.M.- Pumas,0,2,A,2.24,3.31,3.5
20/07/2019,Pachuca,Club Leon,1,3,A,2.52,3.59,2.78
21/07/2019,Club America,Monterrey,4,2,H,2.04,3.48,3.89
21/07/2019,Necaxa,Cruz Azul,0,0,D,3.7,3.36,2.14
21/07/2019,U.A.N.L.- Tigres,Monarcas,4,2,H,1.4,4.77,8.47
21/07/2019,Toluca,Queretaro,0,2,A,1.65,4.03,5.41
22/07/2019,Santos Laguna,Guadalajara Chivas,3,0,H,2.24,3.39,3.41
27/07/2019,Monarcas,Atlas,0,1,A,2.01,3.66,3.79
27/07/2019,Veracruz,Pachuca,3,3,D,4.59,3.8,1.8
28/07/2019,Club Leon,Club America,0,0,D,2.3,3.46,3.21
28/07/2019,Cruz Azul,Toluca,1,1,D,1.58,4.24,5.83
28/07/2019,Club Tijuana,Queretaro,1,1,D,1.82,3.66,4.7
28/07/2019,U.N.A.M.- Pumas,Necaxa,2,0,H,2.09,3.42,3.79
28/07/2019,Atl. San Luis,Monterrey,1,0,H,4.06,3.78,1.91
29/07/2019,Santos Laguna,Juarez,3,0,H,1.69,3.96,5.17
29/07/2019,Guadalajara Chivas,U.A.N.L.- Tigres,2,0,H,3.43,3.24,2.3
03/08/2019,Puebla,Guadalajara Chivas,1,1,D,2.94,3.26,2.58
03/08/2019,Atlas,Santos Laguna,1,2,A,2.95,3.31,2.54
03/08/2019,Queretaro,Cruz Azul,3,0,H,3.63,3.26,2.21
04/08/2019,Club America,Club Tijuana,3,1,H,1.59,4.01,6.25
04/08/2019,Pachuca,Monarcas,1,2,A,1.93,3.91,3.87
04/08/2019,Necaxa,Veracruz,7,0,H,1.65,3.82,5.91
04/08/2019,Monterrey,Club Leon,3,2,H,1.96,3.85,3.8
04/08/2019,U.N.A.M.- Pumas,U.A.N.L.- Tigres,0,1,A,3.03,3.32,2.48
05/08/2019,Juarez,Toluca,2,0,H,3.03,3.36,2.46
10/08/2019,Monarcas,Monterrey,0,1,A,3.52,3.8,2.06
10/08/2019,Veracruz,Atlas,1,2,A,2.89,3.31,2.59
10/08/2019,Club Tijuana,U.N.A.M.- Pumas,1,0,H,1.91,3.74,4.11
10/08/2019,Cruz Azul,Juarez,2,0,H,1.45,4.38,8.17
10/08/2019,Queretaro,Pachuca,2,1,H,2.53,3.41,2.9
11/08/2019,U.A.N.L.- Tigres,Necaxa,3,1,H,1.52,4.34,6.58
11/08/2019,Guadalajara Chivas,Atl. San Luis,3,0,H,2.08,3.34,3.92
11/08/2019,Toluca,Club America,0,1,A,3.16,3.4,2.35
12/08/2019,Santos Laguna,Puebla,4,1,H,1.51,4.53,6.4
17/08/2019,Puebla,Pachuca,0,4,A,3.71,3.6,2.05
17/08/2019,Atlas,Cruz Azul,1,3,A,4.05,3.31,2.06
17/08/2019,Atl. San Luis,U.A.N.L.- Tigres,1,1,D,3.46,3.25,2.28
18/08/2019,Club Leon,Guadalajara Chivas,4,3,H,1.68,4,5.22
18/08/2019,Club America,Monarcas,1,0,H,1.7,3.91,5.19
18/08/2019,Monterrey,Toluca,2,0,H,1.5,4.59,6.47
18/08/2019,U.N.A.M.- Pumas,Veracruz,2,0,H,1.36,5.11,8.84
18/08/2019,Necaxa,Santos Laguna,3,0,H,2.74,3.36,2.68
19/08/2019,Juarez,Queretaro,0,2,A,2.8,3.22,2.73
24/08/2019,Veracruz,Atl. San Luis,1,2,A,3.03,3.3,2.49
24/08/2019,Monarcas,U.N.A.M.- Pumas,2,0,H,2.38,3.57,2.99
24/08/2019,Santos Laguna,Monterrey,2,1,H,2.73,3.48,2.63
24/08/2019,Queretaro,Club Leon,0,4,A,3.22,3.41,2.32
25/08/2019,Cruz Azul,Puebla,1,1,D,1.45,4.41,7.9
25/08/2019,Pachuca,Atlas,3,1,H,1.71,4.06,4.82
25/08/2019,U.A.N.L.- Tigres,Club America,1,1,D,2.06,3.51,3.8
25/08/2019,Toluca,Club Tijuana,2,0,H,2.06,3.68,3.6
25/08/2019,Guadalajara Chivas,Necaxa,1,2,A,2.04,3.53,3.83
28/08/2019,Atl. San Luis,Monarcas,1,1,D,2.57,3.35,2.87
28/08/2019,Atlas,U.A.N.L.- Tigres,1,1,D,4.13,3.63,1.94
28/08/2019,Veracruz,Queretaro,0,5,A,3.94,3.84,1.93
28/08/2019,Club America,Pachuca,1,1,D,2.38,3.51,3.03
29/08/2019,Club Leon,Santos Laguna,2,2,D,1.69,4.35,4.62
29/08/2019,Necaxa,Toluca,1,1,D,2.22,3.43,3.42
29/08/2019,Club Tijuana,Cruz Azul,3,2,H,2.94,3.12,2.67
30/08/2019,Puebla,Juarez,2,1,H,2.19,3.43,3.49
30/08/2019,Monterrey,U.N.A.M.- Pumas,2,0,H,1.48,4.52,6.99
31/08/2019,Monarcas,Veracruz,1,0,H,1.33,5.33,9.58
31/08/2019,Atlas,Club America,3,0,H,3.32,3.32,2.31
31/08/2019,Necaxa,Club Tijuana,3,2,H,2.07,3.64,3.61
01/09/2019,Pachuca,Atl. San Luis,0,2,A,1.79,3.66,4.9
01/09/2019,U.A.N.L.- Tigres,Club Leon,1,1,D,2.16,3.44,3.56
01/09/2019,Cruz Azul,Guadalajara Chivas,1,1,D,2.02,3.25,4.32
01/09/2019,U.N.A.M.- Pumas,Toluca,2,1,H,1.97,3.62,4.03
01/09/2019,Queretaro,Puebla,1,1,D,1.6,4.25,5.58
02/09/2019,Juarez,Monterrey,1,0,H,5.76,3.9,1.65
14/09/2019,Puebla,Atl. San Luis,1,3,A,2.73,3.26,2.77
14/09/2019,Veracruz,Cruz Azul,0,0,D,6.09,4.23,1.56
14/09/2019,Club Tijuana,U.A.N.L.- Tigres,1,1,D,2.92,3.39,2.52
14/09/2019,Monterrey,Necaxa,0,2,A,1.5,4.57,6.41
15/09/2019,Club Leon,Juarez,3,1,H,1.36,5.84,7.37
15/09/2019,Guadalajara Chivas,Atlas,1,0,H,2.06,3.47,3.85
15/09/2019,Club America,U.N.A.M.- Pumas,1,1,D,2.1,3.31,3.89
15/09/2019,Toluca,Monarcas,0,2,A,2.34,3.37,3.22
16/09/2019,Santos Laguna,Pachuca,2,2,D,1.99,3.97,3.6
21/09/2019,Atlas,Toluca,0,1,A,2.42,3.22,3.22
21/09/2019,Monarcas,Guadalajara Chivas,1,0,H,2.27,3.32,3.4
21/09/2019,Atl. San Luis,Santos Laguna,2,3,A,2.52,3.57,2.79
21/09/2019,Monterrey,Puebla,3,2,H,1.3,5.72,10.34
21/09/2019,Necaxa,Club Leon,2,4,A,2.95,3.67,2.36
22/09/2019,Pachuca,Club Tijuana,4,1,H,1.65,4.42,4.89
22/09/2019,Club America,Queretaro,2,2,D,1.79,3.73,4.74
22/09/2019,U.N.A.M.- Pumas,Cruz Azul,1,1,D,2.76,3.27,2.73
23/09/2019,Juarez,Veracruz,2,0,H,1.63,4.06,5.57
25/09/2019,Queretaro,Necaxa,1,2,A,2.23,3.66,3.19
25/09/2019,U.A.N.L.- Tigres,Puebla,0,1,A,1.36,5.19,8.71
25/09/2019,Club Leon,Atlas,1,1,D,1.4,5.19,7.56
25/09/2019,Guadalajara Chivas,Pachuca,2,4,A,2.4,3.44,3.05
26/09/2019,Juarez,Club America,1,1,D,3.06,3.34,2.44
26/09/2019,Santos Laguna,Veracruz,5,0,H,1.27,5.96,11.3
26/09/2019,Cruz Azul,Monterrey,1,1,D,2.14,3.32,3.76
26/09/2019,Club Tijuana,Monarcas,3,2,H,2.01,3.59,3.87
27/09/2019,Toluca,Atl. San Luis,3,1,H,2.48,3.22,3.12
28/09/2019,Puebla,Club Leon,2,1,H,3.89,3.82,1.94
28/09/2019,Atlas,Queretaro,2,0,H,2.86,3.36,2.58
28/09/2019,Pachuca,Cruz Azul,2,0,H,2.41,3.49,3.01
29/09/2019,Necaxa,Juarez,0,0,D,1.77,3.69,4.96
29/09/2019,Monterrey,U.A.N.L.- Tigres,0,2,A,2.18,3.43,3.5
29/09/2019,Club America,Guadalajara Chivas,4,1,H,2.06,3.27,4.09
29/09/2019,U.N.A.M.- Pumas,Santos Laguna,2,0,H,2.33,3.66,3.01
29/09/2019,Atl. San Luis,Club Tijuana,2,3,A,2.21,3.37,3.5
30/09/2019,Veracruz,Toluca,1,1,D,4.01,3.41,2.03
05/10/2019,Monarcas,Necaxa,2,3,A,2.81,3.47,2.56
05/10/2019,Club Leon,Veracruz,1,1,D,1.19,7.74,14.25
06/10/2019,Cruz Azul,Club America,5,2,H,2.42,3.29,3.14
06/10/2019,U.A.N.L.- Tigres,Santos Laguna,4,0,H,1.87,3.83,4.2
06/10/2019,Guadalajara Chivas,U.N.A.M.- Pumas,1,1,D,2.48,3.36,2.99
06/10/2019,Club Tijuana,Atlas,2,2,D,1.7,3.81,5.32
06/10/2019,Toluca,Puebla,1,1,D,1.83,3.73,4.48
07/10/2019,Juarez,Atl. San Luis,1,2,A,2.41,3.29,3.17
07/10/2019,Queretaro,Monterrey,2,1,H,3.08,3.52,2.34
19/10/2019,Puebla,Atlas,0,1,A,2.48,3.14,3.19
19/10/2019,Veracruz,U.A.N.L.- Tigres,1,3,A,6.02,3.61,1.68
19/10/2019,Santos Laguna,Club Tijuana,4,1,H,1.6,4.37,5.39
19/10/2019,Cruz Azul,Monarcas,2,3,A,1.56,4.16,6.39
20/10/2019,Pachuca,Juarez,0,1,A,1.48,4.51,7.03
20/10/2019,Necaxa,Club America,2,2,D,2.74,3.26,2.75
20/10/2019,U.N.A.M.- Pumas,Club Leon,1,2,A,2.44,3.59,2.89
21/10/2019,Monterrey,Guadalajara Chivas,1,1,D,1.55,4.27,6.19
26/10/2019,Monarcas,Santos Laguna,2,2,D,2.95,3.58,2.4
26/10/2019,Atlas,Necaxa,0,2,A,2.65,3.36,2.78
26/10/2019,Club Tijuana,Veracruz,2,0,H,,,
26/10/2019,Queretaro,U.N.A.M.- Pumas,3,0,H,2.2,3.47,3.42
27/10/2019,Club America,Puebla,2,0,H,1.61,4.09,5.82
27/10/2019,Club Leon,Atl. San Luis,3,2,H,1.58,4.52,5.36
27/10/2019,U.A.N.L.- Tigres,Cruz Azul,1,1,D,1.9,3.62,4.31
27/10/2019,Toluca,Pachuca,2,0,H,2.68,3.51,2.65
28/10/2019,Juarez,Guadalajara Chivas,1,2,A,2.69,3.22,2.84
30/10/2019,Atl. San Luis,Club America,0,1,A,3.84,3.79,1.96
30/10/2019,Santos Laguna,Queretaro,1,0,H,1.75,3.96,4.68
30/10/2019,Veracruz,Puebla,1,0,H,,,
30/10/2019,U.N.A.M.- Pumas,Atlas,5,1,H,,,
31/10/2019,Pachuca,Monterrey,2,3,A,2.39,3.63,2.92
31/10/2019,Guadalajara Chivas,Club Tijuana,0,1,A,2.33,3.42,3.19
31/10/2019,U.A.N.L.- Tigres,Toluca,1,0,H,1.53,4.24,6.67
01/11/2019,Monarcas,Juarez,6,1,H,1.84,3.63,4.6
01/11/2019,Cruz Azul,Club Leon,1,0,H,2.03,3.69,3.72
02/11/2019,Puebla,U.N.A.M.- Pumas,1,1,D,3.27,3.42,2.29
02/11/2019,Atlas,Atl. San Luis,1,2,A,2.14,3.42,3.62
02/11/2019,Queretaro,U.A.N.L.- Tigres,0,0,D,3.12,3.26,2.45
03/11/2019,Club America,Santos Laguna,1,2,A,1.81,3.94,4.37
03/11/2019,Monterrey,Veracruz,1,1,D,1.19,7.17,16.86
03/11/2019,Necaxa,Pachuca,1,2,A,2.31,3.75,2.99
03/11/2019,Toluca,Guadalajara Chivas,1,3,A,2.39,3.42,3.09
04/11/2019,Juarez,Club Tijuana,3,0,H,2.76,3.36,2.67
04/11/2019,Club Leon,Monarcas,1,1,D,1.98,3.69,3.9
09/11/2019,Monarcas,Puebla,3,2,H,1.59,4.08,6.1
09/11/2019,Veracruz,Club America,0,5,A,,,
09/11/2019,Club Tijuana,Monterrey,0,4,A,3.15,3.52,2.31
09/11/2019,Atl. San Luis,Necaxa,0,2,A,2.86,3.43,2.54
10/11/2019,U.A.N.L.- Tigres,Pachuca,0,0,D,1.8,4.13,4.17
10/11/2019,Club Leon,Toluca,4,0,H,1.54,4.67,5.71
10/11/2019,Guadalajara Chivas,Queretaro,3,2,H,2.33,3.46,3.16
10/11/2019,U.N.A.M.- Pumas,Juarez,1,1,D,1.69,3.89,5.28
11/11/2019,Santos Laguna,Cruz Azul,3,1,H,2.17,3.72,3.27
23/11/2019,Puebla,Necaxa,3,0,H,3.39,3.61,2.16
23/11/2019,Club Tijuana,Club Leon,1,2,A,2.09,3.79,3.42
23/11/2019,Queretaro,Monarcas,3,1,H,2.14,3.54,3.49
24/11/2019,Cruz Azul,Atl. San Luis,3,1,H,1.55,4.02,6.91
24/11/2019,Monterrey,Atlas,2,0,H,1.27,5.84,12.3
24/11/2019,Guadalajara Chivas,Veracruz,3,1,H,1.26,6.32,11.15
24/11/2019,Pachuca,U.N.A.M.- Pumas,2,0,H,1.85,3.93,4.15
24/11/2019,Toluca,Santos Laguna,2,2,D,2.15,3.78,3.26
25/11/2019,Juarez,U.A.N.L.- Tigres,1,2,A,4.08,3.44,2.01
28/11/2019,Monarcas,Club Leon,3,3,D,2.92,3.45,2.48
28/11/2019,Necaxa,Queretaro,3,0,H,2.39,3.35,3.14
29/11/2019,Monterrey,Santos Laguna,5,2,H,1.98,3.57,3.98
29/11/2019,Club America,U.A.N.L.- Tigres,1,2,A,2.29,3.13,3.58
01/12/2019,Club Leon,Monarcas,1,2,A,1.68,4.31,4.79
01/12/2019,Queretaro,Necaxa,2,3,A,1.88,3.98,3.98
02/12/2019,Santos Laguna,Monterrey,1,1,D,,,
02/12/2019,U.A.N.L.- Tigres,Club America,2,4,A,2.42,3.47,3.01
05/12/2019,Monterrey,Necaxa,2,1,H,1.65,3.92,5.65
06/12/2019,Monarcas,Club America,2,0,H,3.14,3.49,2.33
08/12/2019,Necaxa,Monterrey,0,1,A,2.88,3.58,2.45
09/12/2019,Club America,Monarcas,2,0,H,1.45,4.94,6.79
27/12/2019,Monterrey,Club America,2,1,H,1.92,3.74,4.03
30/12/2019,Club America,Monterrey,2,1,H,1.9,3.92,3.89
11/01/2020,Monarcas,Toluca,0,1,A,2.07,3.46,3.76
11/01/2020,Club Tijuana,Santos Laguna,2,1,H,2.91,3.65,2.37
11/01/2020,Cruz Azul,Atlas,1,2,A,1.61,4.03,5.78
12/01/2020,Club Leon,Queretaro,3,1,H,1.58,4.58,5.23
12/01/2020,Guadalajara Chivas,Juarez,2,0,H,1.71,3.74,5.26
12/01/2020,U.A.N.L.- Tigres,Atl. San Luis,0,0,D,1.57,4.04,6.29
12/01/2020,U.N.A.M.- Pumas,Pachuca,2,1,H,2.79,3.48,2.54
17/01/2020,Juarez,U.N.A.M.- Pumas,4,4,D,2.76,3.15,2.78
18/01/2020,Atl. San Luis,Cruz Azul,2,1,H,3.15,3.1,2.5
18/01/2020,Atlas,Puebla,0,1,A,2.05,3.33,3.97
18/01/2020,Monterrey,Monarcas,2,2,D,1.53,4.41,6.2
19/01/2020,Pachuca,Guadalajara Chivas,0,0,D,2.25,3.57,3.18
19/01/2020,Club America,U.A.N.L.- Tigres,1,0,H,2.41,3.27,3.13
19/01/2020,Toluca,Necaxa,2,3,A,2.14,3.71,3.3
19/01/2020,Queretaro,Club Tijuana,3,0,H,2.26,3.5,3.22
20/01/2020,Santos Laguna,Club Leon,3,2,H,2.22,3.77,3.09
25/01/2020,Puebla,Queretaro,0,1,A,2.8,3.48,2.53
25/01/2020,Club Tijuana,Club America,0,0,D,2.87,3.41,2.52
25/01/2020,Cruz Azul,Santos Laguna,3,0,H,2.37,3.41,3.08
26/01/2020,U.A.N.L.- Tigres,Atlas,2,1,H,1.65,3.81,5.81
26/01/2020,Club Leon,Pachuca,3,0,H,2.03,3.71,3.61
26/01/2020,Guadalajara Chivas,Toluca,2,2,D,1.85,3.61,4.52
26/01/2020,U.N.A.M.- Pumas,Monterrey,1,0,H,3.14,3.58,2.26
26/01/2020,Necaxa,Atl. San Luis,1,1,D,2.15,3.34,3.64
27/01/2020,Juarez,Monarcas,3,0,H,2.76,3.39,2.61
01/02/2020,Atl. San Luis,Guadalajara Chivas,2,2,D,2.52,3.21,3.02
01/02/2020,Atlas,Club Tijuana,2,1,H,2.66,3.15,2.88
01/02/2020,Monarcas,Club Leon,1,2,A,2.83,3.63,2.44
01/02/2020,Monterrey,Queretaro,1,2,A,1.48,4.68,6.49
01/02/2020,Necaxa,Puebla,2,0,H,1.85,3.81,4.25
02/02/2020,Pachuca,U.A.N.L.- Tigres,2,0,H,2.27,3.38,3.29
02/02/2020,Club America,Juarez,1,3,A,1.5,4.19,7.33
02/02/2020,Santos Laguna,U.N.A.M.- Pumas,1,1,D,1.79,3.82,4.53
02/02/2020,Toluca,Cruz Azul,3,3,D,3.17,3.31,2.37
05/02/2020,Puebla,Club America,0,1,A,3.6,3.14,2.26
06/02/2020,Necaxa,Monterrey,2,2,D,3.4,3.52,2.17
07/02/2020,Atlas,Monarcas,1,3,A,2.83,3.24,2.65
08/02/2020,Puebla,Santos Laguna,2,2,D,3.67,3.52,2.07
08/02/2020,Club Tijuana,Toluca,1,1,D,1.79,3.74,4.66
08/02/2020,Cruz Azul,Pachuca,3,1,H,2.11,3.46,3.61
09/02/2020,U.A.N.L.- Tigres,Guadalajara Chivas,3,0,H,1.89,3.46,4.53
09/02/2020,Club Leon,Monterrey,3,1,H,2.38,3.58,2.94
09/02/2020,U.N.A.M.- Pumas,Atl. San Luis,4,0,H,2.08,3.35,3.83
10/02/2020,Queretaro,Club America,1,2,A,2.46,3.31,3.02
10/02/2020,Juarez,Necaxa,2,1,H,2.26,3.32,3.37
15/02/2020,Atl. San Luis,Club Leon,3,1,H,2.59,3.5,2.72
15/02/2020,Monarcas,Club Tijuana,1,1,D,2.09,3.35,3.82
15/02/2020,Pachuca,Puebla,1,0,H,1.69,3.78,5.4
15/02/2020,Toluca,U.N.A.M.- Pumas,2,3,A,2.56,3.56,2.71
16/02/2020,Club America,Atlas,2,0,H,1.55,4.38,5.98
16/02/2020,Monterrey,Juarez,1,1,D,1.47,4.51,7.13
16/02/2020,Guadalajara Chivas,Cruz Azul,1,2,A,2.74,3.14,2.81
16/02/2020,Necaxa,Queretaro,2,3,A,2.55,3.38,2.85
17/02/2020,Santos Laguna,U.A.N.L.- Tigres,2,1,H,1.99,3.76,3.72
22/02/2020,Atlas,Pachuca,0,2,A,2.83,3.33,2.59
22/02/2020,Puebla,Toluca,2,0,H,2.61,3.42,2.75
22/02/2020,Club Tijuana,Guadalajara Chivas,0,1,A,2.24,3.33,3.43
22/02/2020,Club Leon,Necaxa,2,1,H,1.75,3.82,4.84
23/02/2020,Cruz Azul,U.A.N.L.- Tigres,2,1,H,2.13,3.39,3.65
23/02/2020,Monterrey,Club America,0,1,A,1.87,3.8,4.13
23/02/2020,U.N.A.M.- Pumas,Monarcas,1,2,A,1.98,3.96,3.56
23/02/2020,Queretaro,Atl. San Luis,0,1,A,2.1,3.28,3.88
24/02/2020,Juarez,Santos Laguna,1,2,A,3.11,3.32,2.4
29/02/2020,Atl. San Luis,Juarez,0,3,A,1.85,3.52,4.63
29/02/2020,Toluca,Monterrey,2,0,H,2.84,3.58,2.45
29/02/2020,Monarcas,Cruz Azul,2,4,A,2.41,3.35,3.07
29/02/2020,Club Tijuana,Puebla,0,1,A,1.67,3.82,5.54
29/02/2020,Pachuca,Queretaro,1,1,D,2.34,3.26,3.28
01/03/2020,Club America,Necaxa,0,3,A,1.95,3.38,4.37
01/03/2020,U.A.N.L.- Tigres,U.N.A.M.- Pumas,3,0,H,1.91,3.64,4.19
01/03/2020,Guadalajara Chivas,Club Leon,2,0,H,2.4,3.41,3.04
02/03/2020,Santos Laguna,Atlas,1,0,H,1.53,4.29,6.41
07/03/2020,Queretaro,Toluca,1,1,D,2.03,3.64,3.7
07/03/2020,U.N.A.M.- Pumas,Club America,3,3,D,2.92,3.07,2.69
07/03/2020,Puebla,U.A.N.L.- Tigres,0,0,D,3.18,3.33,2.36
07/03/2020,Cruz Azul,Club Tijuana,4,2,H,1.68,3.83,5.38
07/03/2020,Monterrey,Atl. San Luis,2,2,D,1.65,4.07,5.25
08/03/2020,Pachuca,Santos Laguna,1,0,H,2.1,3.66,3.45
08/03/2020,Atlas,Guadalajara Chivas,1,2,A,3.34,3.08,2.41
08/03/2020,Necaxa,Monarcas,1,2,A,2.37,3.41,3.07
09/03/2020,Juarez,Club Leon,1,4,A,2.48,3.33,2.97
14/03/2020,Monarcas,Queretaro,4,0,H,2.3,3.47,3.17
14/03/2020,Club Tijuana,Pachuca,3,2,H,2.27,3.57,3.13
14/03/2020,Atl. San Luis,Puebla,0,1,A,1.78,3.75,4.77
15/03/2020,Club Leon,U.N.A.M.- Pumas,3,1,H,2.04,3.53,3.76
15/03/2020,U.A.N.L.- Tigres,Juarez,3,2,H,1.59,3.92,6.36
15/03/2020,Guadalajara Chivas,Monterrey,1,1,D,2.82,3.21,2.67
15/03/2020,Toluca,Atlas,2,3,A,1.99,3.41,4.12
16/03/2020,Santos Laguna,Necaxa,2,1,H,1.7,4.09,4.8
16/03/2020,Club America,Cruz Azul,0,1,A,2.75,3.57,2.52
25/07/2020,Necaxa,U.A.N.L.- Tigres,0,3,A,4.42,3.44,1.92
26/07/2020,Guadalajara Chivas,Club Leon,0,0,D,2.9,3.49,2.45
26/07/2020,Club Tijuana,Atlas,3,1,H,1.88,3.61,4.38
26/07/2020,Cruz Azul,Santos Laguna,2,0,H,1.85,3.86,4.15
26/07/2020,U.N.A.M.- Pumas,Queretaro,3,2,H,2.09,3.5,3.62
28/07/2020,Atl. San Luis,Juarez,1,1,D,1.8,3.43,5.16
28/07/2020,Pachuca,Club America,1,2,A,2.77,3.37,2.61
28/07/2020,Mazatlan FC,Puebla,1,4,A,2.28,3.28,3.37
29/07/2020,Monterrey,Toluca,3,1,H,1.44,4.8,7.2
01/08/2020,Puebla,Cruz Azul,1,1,D,4.33,3.41,1.95
01/08/2020,Juarez,Necaxa,1,0,H,2.56,3.27,2.92
02/08/2020,U.A.N.L.- Tigres,Pachuca,1,1,D,1.54,4.44,6.04
02/08/2020,Club America,Club Tijuana,4,0,H,2.02,3.6,3.78
02/08/2020,Toluca,Atl. San Luis,3,2,H,2.39,3.48,2.99
02/08/2020,Queretaro,Mazatlan FC,1,1,D,2.6,3.36,2.79
03/08/2020,Santos Laguna,Guadalajara Chivas,2,0,H,2.42,3.3,3.09
04/08/2020,Atlas,U.N.A.M.- Pumas,1,2,A,2.56,3.35,2.85
04/08/2020,Club Leon,Monterrey,1,0,H,2.25,3.65,3.1
07/08/2020,Pachuca,Queretaro,1,0,H,2.04,3.33,4.05
07/08/2020,Club Tijuana,U.A.N.L.- Tigres,0,0,D,3.71,3.46,2.08
08/08/2020,Necaxa,Club America,1,1,D,3.54,3.51,2.12
08/08/2020,Mazatlan FC,Toluca,2,1,H,2.38,3.56,2.95
09/08/2020,Cruz Azul,Club Leon,2,0,H,2.24,3.51,3.25
09/08/2020,Monterrey,Santos Laguna,2,2,D,1.79,3.84,4.56
09/08/2020,Guadalajara Chivas,Puebla,0,1,A,2.23,3.25,3.52
09/08/2020,U.N.A.M.- Pumas,Juarez,1,1,D,1.87,3.8,4.16
10/08/2020,Atl. San Luis,Atlas,1,1,D,2.23,3.4,3.36
11/08/2020,Necaxa,Mazatlan FC,1,0,H,2.01,3.67,3.75
12/08/2020,Pachuca,Club Leon,0,1,A,2.78,3.39,2.59
12/08/2020,U.A.N.L.- Tigres,Puebla,2,1,H,1.47,4.18,8.11
12/08/2020,Queretaro,Cruz Azul,1,0,H,4.46,3.49,1.9
13/08/2020,Juarez,Guadalajara Chivas,0,2,A,2.92,3.16,2.63
13/08/2020,U.N.A.M.- Pumas,Monterrey,1,1,D,2.98,3.52,2.38
13/08/2020,Club Tijuana,Atl. San Luis,0,2,A,1.93,3.77,3.92
14/08/2020,Atlas,Toluca,1,2,A,2.38,3.49,3.01
14/08/2020,Club America,Santos Laguna,3,1,H,2.06,3.62,3.62
15/08/2020,Puebla,Pachuca,0,1,A,3.4,3.22,2.3
15/08/2020,Guadalajara Chivas,Atl. San Luis,2,1,H,2.09,3.25,3.96
16/08/2020,Cruz Azul,Juarez,3,2,H,1.41,4.7,8.21
16/08/2020,Mazatlan FC,U.N.A.M.- Pumas,0,0,D,2.28,3.49,3.17
16/08/2020,Monterrey,Necaxa,1,1,D,1.62,4.11,5.55
16/08/2020,Toluca,U.A.N.L.- Tigres,3,2,H,2.96,3.53,2.39
17/08/2020,Santos Laguna,Atlas,0,0,D,1.98,3.67,3.85
17/08/2020,Queretaro,Club America,4,1,H,3.19,3.48,2.28
18/08/2020,Club Leon,Club Tijuana,2,1,H,1.55,4.43,5.87
20/08/2020,Necaxa,Santos Laguna,2,1,H,3.4,3.22,2.3
20/08/2021,Juarez,Club Leon,0,0,D,2.09,3.25,3.96
20/08/2022,Atlas,Queretaro,1,0,H,1.41,4.7,8.21
20/08/2023,U.A.N.L.- Tigres,U.N.A.M.- Pumas,1,1,D,2.28,3.49,3.17
20/08/2024,Club America,Monterrey,1,3,A,1.62,4.11,5.55
20/08/2025,Toluca,Guadalajara Chivas,1,0,H,2.96,3.53,2.39
20/08/2026,Atl. San Luis,Cruz Azul,1,3,A,1.98,3.67,3.85
20/08/2027,Club Tijuana,Puebla,1,0,H,3.19,3.48,2.28
20/08/2028,Pachuca,Mazatlan FC,2,1,H,1.55,4.43,5.87
